{"loss": 21.421308517456055, "accuracy": 0.030593196902654867, "_timestamp": 1686686417.4498048, "_runtime": 16475.40140771866, "_step": 2, "Validation accuracy": 0.0, "Test accuracy": 0.0}